model,accuracy,precision,recall,f1_score
Logistic Regression,0.9161952991143182,0.7128839505185955,0.9614144154665756,0.8187034288599538
