metric,score
Accuracy,0.9990699368582608
Precision,0.9966823582156468
Recall,0.9985985212602528
F1 Score,0.9976395196467357
